{"cameraMode":{"drawMode":0,"name":"Shaded","section":"Shading Mode"},"sceneLighting":false,"audioPlay":false,"sceneViewState":{"showFog":true,"showMaterialUpdate":false,"showSkybox":false,"showFlares":true,"showImageEffects":true,"showParticleSystems":true},"in2DMode":false,"pivot":{"x":1.8086209297180176,"y":1.2647851705551148,"z":1.3906182050704957},"rotation":{"x":-0.03080390952527523,"y":-0.7398269772529602,"z":0.03481906279921532,"w":-0.6717522144317627},"size":1.8826017379760743,"orthographic":false}