{"cameraMode":{"drawMode":0,"name":"Shaded","section":"Shading Mode"},"sceneLighting":false,"audioPlay":false,"sceneViewState":{"showFog":true,"showMaterialUpdate":false,"showSkybox":false,"showFlares":true,"showImageEffects":false,"showParticleSystems":true},"in2DMode":false,"pivot":{"x":394.5725402832031,"y":19.96360206604004,"z":390.7023010253906},"rotation":{"x":0.11667218804359436,"y":0.07886605709791184,"z":-0.00929885171353817,"w":0.9899974465370178},"size":1.1621507406234742,"orthographic":false}