{"cameraMode":{"drawMode":0,"name":"Shaded","section":"Shading Mode"},"sceneLighting":false,"audioPlay":false,"sceneViewState":{"showFog":true,"showMaterialUpdate":false,"showSkybox":false,"showFlares":true,"showImageEffects":false,"showParticleSystems":true},"in2DMode":false,"pivot":{"x":-13.489044189453125,"y":-2.5284407138824465,"z":16.954221725463868},"rotation":{"x":-0.021566258743405343,"y":0.9771712422370911,"z":-0.12261322140693665,"w":-0.17261764407157899},"size":7.594161510467529,"orthographic":false}