{"cameraMode":{"drawMode":0,"name":"Shaded","section":"Shading Mode"},"sceneLighting":false,"audioPlay":false,"sceneViewState":{"showFog":true,"showMaterialUpdate":false,"showSkybox":false,"showFlares":true,"showImageEffects":false,"showParticleSystems":true},"in2DMode":false,"pivot":{"x":554.0286865234375,"y":19.74319839477539,"z":440.568115234375},"rotation":{"x":-0.14564873278141023,"y":0.005234103184193373,"z":-0.0017899081576615573,"w":-0.9897732138633728},"size":2.8688230514526369,"orthographic":false}