{"cameraMode":{"drawMode":0,"name":"Shaded","section":"Shading Mode"},"sceneLighting":false,"audioPlay":false,"sceneViewState":{"showFog":true,"showMaterialUpdate":false,"showSkybox":false,"showFlares":true,"showImageEffects":false,"showParticleSystems":true},"in2DMode":false,"pivot":{"x":-12.266429901123047,"y":0.12073665857315064,"z":1.1577672958374024},"rotation":{"x":-0.023954711854457856,"y":-0.9507492184638977,"z":0.3006492853164673,"w":-0.07430584728717804},"size":3.1255838871002199,"orthographic":false}