{"cameraMode":{"drawMode":0,"name":"Shaded","section":"Shading Mode"},"sceneLighting":false,"audioPlay":false,"sceneViewState":{"showFog":true,"showMaterialUpdate":false,"showSkybox":false,"showFlares":true,"showImageEffects":false,"showParticleSystems":true},"in2DMode":false,"pivot":{"x":4.644033432006836,"y":4.456747531890869,"z":-3.395109176635742},"rotation":{"x":-0.11037079244852066,"y":-0.8444594144821167,"z":0.19087475538253785,"w":-0.4881710708141327},"size":7.963245391845703,"orthographic":false}