{"cameraMode":{"drawMode":0,"name":"Shaded","section":"Shading Mode"},"sceneLighting":false,"audioPlay":false,"sceneViewState":{"showFog":true,"showMaterialUpdate":false,"showSkybox":false,"showFlares":true,"showImageEffects":false,"showParticleSystems":true},"in2DMode":false,"pivot":{"x":-4.6185078620910648,"y":4.1733174324035648,"z":-3.599001407623291},"rotation":{"x":0.03122861683368683,"y":0.4205503463745117,"z":0.013937395997345448,"w":-0.9068855047225952},"size":1.5373128652572632,"orthographic":false}