{"cameraMode":{"drawMode":0,"name":"Shaded","section":"Shading Mode"},"sceneLighting":false,"audioPlay":false,"sceneViewState":{"showFog":true,"showMaterialUpdate":false,"showSkybox":false,"showFlares":true,"showImageEffects":false,"showParticleSystems":true},"in2DMode":false,"pivot":{"x":532.861572265625,"y":30.21690559387207,"z":472.88360595703127},"rotation":{"x":0.007630540058016777,"y":0.9936995506286621,"z":-0.09139411151409149,"w":0.06782897561788559},"size":4.016028881072998,"orthographic":false}