{"cameraMode":{"drawMode":0,"name":"Shaded","section":"Shading Mode"},"sceneLighting":false,"audioPlay":false,"sceneViewState":{"showFog":true,"showMaterialUpdate":false,"showSkybox":false,"showFlares":true,"showImageEffects":true,"showParticleSystems":true},"in2DMode":false,"pivot":{"x":1.500000238418579,"y":0.125,"z":1.499999761581421},"rotation":{"x":-0.02392064779996872,"y":0.6149967908859253,"z":-0.018605241551995279,"w":-0.7879708409309387},"size":2.1250088214874269,"orthographic":false}