{"cameraMode":{"drawMode":0,"name":"Shaded","section":"Shading Mode"},"sceneLighting":false,"audioPlay":false,"sceneViewState":{"showFog":true,"showMaterialUpdate":false,"showSkybox":false,"showFlares":true,"showImageEffects":false,"showParticleSystems":true},"in2DMode":false,"pivot":{"x":-93.77256774902344,"y":0.9556310176849365,"z":3.8506932258605959},"rotation":{"x":-0.09599576145410538,"y":-0.6955825090408325,"z":0.09478641301393509,"w":-0.7057490348815918},"size":6.928203105926514,"orthographic":false}