{"cameraMode":{"drawMode":0,"name":"Shaded","section":"Shading Mode"},"sceneLighting":false,"audioPlay":false,"sceneViewState":{"showFog":true,"showMaterialUpdate":false,"showSkybox":false,"showFlares":true,"showImageEffects":true,"showParticleSystems":true},"in2DMode":false,"pivot":{"x":-15.089085578918457,"y":-9.1029634475708,"z":15.360064506530762},"rotation":{"x":-0.22367222607135774,"y":0.3341797888278961,"z":-0.07333014160394669,"w":-0.9136075377464294},"size":12.12435531616211,"orthographic":false}