{"cameraMode":{"drawMode":0,"name":"Shaded","section":"Shading Mode"},"sceneLighting":false,"audioPlay":false,"sceneViewState":{"showFog":true,"showMaterialUpdate":false,"showSkybox":false,"showFlares":true,"showImageEffects":false,"showParticleSystems":true},"in2DMode":false,"pivot":{"x":-10.969816207885743,"y":0.6109482645988464,"z":-3.0977375507354738},"rotation":{"x":0.010068166069686413,"y":0.9907473921775818,"z":-0.10765586048364639,"w":0.08491988480091095},"size":9.479201316833496,"orthographic":false}